; column content
; 1 matrix_ac          - Accession number of the positions-pecific scoring matrix
; 2 var_id             - ID of the variation
; 3 var_class          - Variation type, according to SNP Ontology (SO) nomenclature
; 4 var_coord          - Coordinates of the variation
; 5 best_w             - Best weigth for the putative site
; 6 worst_w            - Worst weigth for the putative site
; 7 w_diff             - Difference between best and worst weigth
; 8 best_pval          - P_value of the best putative site
; 9 worst_pval         - P_value of the worst putative site
; 10 pval_ratio        - Ratio between worst and best pval ( pval_ratio = worst_pval/best_pval )
; 11 best_variant      - Variant in the best putative site
; 12 worst_variant     - Variant in the worst putative site
; 13 best_offest       - Offset of the best putative site
; 14 worst_offset      - Offset of the worst putative site
; 15 min_offset_diff   - Difference minimal between best and worst putative site
; 16 best_strand       - Strand of the best putative site
; 17 worst_strand      - Strand of the worst putative site
; 18 str_change        - Indicate if strand have change between the offset of min_offset_diff
; 19 best_seq          - Sequence of the worst putative site
; 20 worst_seq         - Sequence of the worst putative site
; 21 minor_alle_freq   - Minor allele frequency
#ac_motif	var_id	var_class	var_coord	best_w	worst_w	w_diff	best_pval	worst_pval	pval_ratio	best_variant	worst_variant	best_offset	worst_offset	min_offset_diff	best_strand	worst_strand	str_change	best_seq	worst_seq	minor_allele_freq
MAF::NFE2	rs62229372	SNV	21:37692506-37692507_+	-2.64	-11.47	8.83	2.30e-03	2.80e-02	12.17	T	C	-11	-11	0	R	R	0	GTGACGGAACGACTG	GTGGCGGAACGACTG	NA
MAF::NFE2	rs1789924	SNV	4:100274285-100274286_+	-2.17	-10.37	8.19	1.90e-03	2.10e-02	11.05	T	C	-1	-1	0	D	D	0	ATGAAGGAGGAGTAG	ACGAAGGAGGAGTAG	NA
USF1,USF2,MLX,TFEB,TFE3,Mitf,USF1,Arntl	rs907612	SNV	11:1874220-1874221_+	-3.31	-12.65	9.34	1.30e-02	1.40e-01	10.77	C	T	-4	-4	0	D	D	0	GAGACAGGTTCC	GAGATAGGTTCC	NA
ELF5,ETV6,ELF5,ETV2,ELK1,ETS1,ETV6,ETV5,FEV,ETV1,ETV4,FLI1,ETS1,ERG,ELK1,ELK3,ERF,ETV3	rs1789924	SNV	4:100274285-100274286_+	-2.31	-10.56	8.25	1.10e-02	1.20e-01	10.91	C	T	-6	-6	0	R	R	0	CTTCGTAACTG	CTTCATAACTG	NA
Creb3l2	rs147997200	SNV	3:49726177-49726178_+	2.02	-4.71	6.73	1.10e-03	1.20e-02	10.91	G	A	-5	-5	0	D	D	0	CACACGTCA	CACACATCA	NA
Creb3l2	rs147997200	SNV	3:49726177-49726178_+	1.73	-5.00	6.73	1.30e-03	1.30e-02	10.00	G	A	-4	-4	0	R	R	0	CTGACGTGT	CTGATGTGT	NA
Atf3,MAFG::NFE2L1,MAFG,NF2L1	rs62229372	SNV	21:37692506-37692507_+	5.00	-3.94	8.94	6.90e-04	2.80e-02	40.58	T	C	-3	-3	0	R	R	0	GGTGACGG	GGTGGCGG	NA
Atf3,MAFG::NFE2L1,MAFG,NF2L1	rs926657	SNV	6:159463451-159463452_+	-0.65	-9.15	8.50	8.80e-03	1.20e-01	13.64	T	C	-3	-3	0	R	R	0	GTTGATTT	GTTGGTTT	NA
FOS::JUN	rs62229372	SNV	21:37692506-37692507_+	4.42	-0.21	4.62	1.80e-03	3.40e-02	18.89	T	C	-4	-4	0	R	R	0	TGACGGA	TGGCGGA	NA
